INSTANCE,TYPE
Aah,
Accelerating,
Act,
Advanced,
Age,
Agenda,
Agile,
All,
ally,
Ambitions,
Anyone,
anything,
area,
Asia,
availability,
Balancing,
behalf,
Berkeley,
Big,
Bio,
Biology,
Boom,
Borders,
Brain,
Building,
Businesses,
calendar,
calendars,
Cancer,
Capital,
care,
Care,
Carnegie,
champion,
Change,
Chefs,
Chi,
China,
Chip,
Choices,
Cities,
Citizens,
Climate,
Closing,
Clouds,
Co-Chair,
Collaboration,
Collaborative,
College,
Community,
Consumer,
Consumption,
contact,
conversation,
Cooperation,
Council,
Course,
Crisis,
Crossroads,
Cultures,
Dalian,
Data,
Dawn,
deal,
Decarbonizing,
Describe,
description,
designers,
Designing,
details,
Development,
Diagnostics,
Digital,
Discoveries,
Disease,
Disruption,
Disruptive,
Disruptors,
Dive,
Doubt,
Down,
Drain,
Drone,
E-Commerce,
Earth,
Ebola,
Economic,
Economy,
Education,
Emissions,
Employment,
Energy,
England,
Enough,
Enterprise,
Entrepreneurs,
Entrepreneurship,
Environment,
Environments,
ETH,
European,
evening,
everyone,
Factory,
Farewell,
Fighting,
Finance,
Financial,
food,
Forests,
Framework,
friends,
fun,
Future,
Gender,
Genome,
Global,
Globalizers,
goals,
Gotcha,
Grottoes,
Growth,
Guess,
guys,
hapenning,
Have,
health,
Healthcare,
Healthier,
High-Tech,
him,
his,
Hong,
hope,
Hotels,
Human,
Humanity,
Humour,
Hyperconnected,
I,
Identity,
Illumination,
Imaginary,
Imperial,
Inclusion,
Inclusive,
Industrial,
Industrialization,
Industries,
Informal,
Information,
Ingenuity,
Innovation,
Innovator,
Institute,
Institution,
Intellectual,
Intelligent,
International,
Internet,
Introduction,
isss,
it,
its,
Jinpu,
Journal,
Journey,
KAIST,
Keqiang,
kinds,
Klaus,
Know,
Kong,
Korea,
Lab,
Land,
laugh,
Learning,
list,
London,
Longevity,
lots,
Lunch,
Machine,
Machines,
Manufacturing,
Market,
Markets,
Materials,
me,
Meat,
Medicine,
meeting,
meetings,
Mellon,
Mental,
Merchants,
message,
Mind,
Mining,
Modern,
Mogao,
morning,
Music,
my,
Nano,
Nature,
Nature-Based,
New,
Normal,
Nuclear,
Ok,
On-Demand,
one,
ones,
Options,
Organizations,
Our,
Outlook,
Outsmart,
Parity,
part,
participants,
parties,
Past,
Peking,
people,
People,
Performance,
place,
Playbook,
PM,
Pollution,
Power,
Precision,
Premier,
Property,
Public-Private,
Race,
Reality,
Reception,
recommendation,
Reform,
Registration,
Remarks,
Renewables,
Renminbia,
request,
Research,
Resource,
Resources,
Revolution,
Rise,
Road,
Robots,
Roundtable,
schedule,
Science,
Scientists,
screen,
Screening,
Sector,
Security,
service,
session,
sessions,
Sidra,
Silk,
Skills,
Smart,
Smarter,
Social,
Society,
Soirae,
SoirÌÄ,
Solutions,
someone,
something,
sort,
Sources,
Space,
Stress,
stuff,
Synthetic,
system,
Tai,
Technology,
their,
them,
they,
things,
Tianjin,
time,
Time-Lapse,
timer,
title,
today,
tomorrow,
topic,
track,
Trade,
Transfer,
Transformation,
Tsinghua,
UC,
units,
University,
Unpacking,
Urban,
Us,
View,
Vision,
Want,
Waste,
way,
WEF,
Woah,
woah,
work,
Workplace,
Yeeeahh,
you,
your,
Zone,
Zurich,